"","sublabel","ROI","network","ples_UM","ples_AM"
"2","sub-001","Right_PCG","Prefrontal",0.098291,-0.023635
"3","sub-001","Dorsal_ACC","Limbic",-0.061007,-0.009841
"4","sub-001","Left_OFC","Limbic",0.158269,0.289917
"5","sub-001","Right_MI","Limbic",-0.102915,0.001861
"6","sub-001","Left_MFG","Prefrontal",0.059242,-0.016028
"7","sub-001","Pre_SMA","Prefrontal",0.019341,-0.059109
"8","sub-001","Left_IFG","Prefrontal",0.341135,-0.023601
"9","sub-001","Left_Amyg","Limbic",-0.241,0.00195
"10","sub-001","Right_IFG","Prefrontal",0.204238,-0.049153
"11","sub-001","Right_MFG","Prefrontal",-0.034618,-0.008571
"12","sub-001","Right_IPS","Prefrontal",0.179978,-0.012607
"13","sub-001","Left_dMI","Limbic",0.008328,0.015446
"14","sub-001","Right_OFC","Limbic",0.034234,0.241445
"15","sub-001","Left_VS","Limbic",-0.017001,0.012853
"16","sub-001","Left_vAI","Limbic",-0.15133,0.012399
"17","sub-001","Right_Amyg","Limbic",-0.22308,0.052792
"24","sub-002","Right_PCG","Prefrontal",0.12087,0.012234
"25","sub-002","Dorsal_ACC","Limbic",-0.038481,-0.001108
"26","sub-002","Left_OFC","Limbic",0.247413,-0.002375
"27","sub-002","Right_MI","Limbic",-0.079674,-0.001
"28","sub-002","Left_MFG","Prefrontal",0.137549,-0.02698
"29","sub-002","Pre_SMA","Prefrontal",0.006477,-0.022189
"30","sub-002","Left_IFG","Prefrontal",0.139437,-0.030147
"31","sub-002","Left_Amyg","Limbic",-0.059529,-0.018343
"32","sub-002","Right_IFG","Prefrontal",0.259964,-0.02312
"33","sub-002","Right_MFG","Prefrontal",0.075064,-0.026832
"34","sub-002","Right_IPS","Prefrontal",0.365399,-0.046442
"35","sub-002","Left_dMI","Limbic",0.00885,-0.007328
"36","sub-002","Right_OFC","Limbic",0.250231,0.035203
"37","sub-002","Left_VS","Limbic",-0.061962,-0.030856
"38","sub-002","Left_vAI","Limbic",-0.131196,-0.061368
"39","sub-002","Right_Amyg","Limbic",0.074464,-0.014467
"46","sub-003","Right_PCG","Prefrontal",-0.081052,0.003365
"47","sub-003","Dorsal_ACC","Limbic",0.097679,0.012389
"48","sub-003","Left_OFC","Limbic",0.439811,0.038763
"49","sub-003","Right_MI","Limbic",-0.003539,0.016663
"50","sub-003","Left_MFG","Prefrontal",0.263448,0.003176
"51","sub-003","Pre_SMA","Prefrontal",0.584656,-0.028563
"52","sub-003","Left_IFG","Prefrontal",0.181426,-0.010442
"53","sub-003","Left_Amyg","Limbic",-0.143492,0.028682
"54","sub-003","Right_IFG","Prefrontal",0.091967,-0.013365
"55","sub-003","Right_MFG","Prefrontal",-0.005981,0.004231
"56","sub-003","Right_IPS","Prefrontal",0.320452,-0.035571
"57","sub-003","Left_dMI","Limbic",0.027414,0.027097
"58","sub-003","Right_OFC","Limbic",0.240503,-0.060175
"59","sub-003","Left_VS","Limbic",-0.008308,0.027035
"60","sub-003","Left_vAI","Limbic",-0.178953,0.006581
"61","sub-003","Right_Amyg","Limbic",-0.101413,0.010887
"68","sub-004","Right_PCG","Prefrontal",-0.055714,0.020888
"69","sub-004","Dorsal_ACC","Limbic",-0.024996,0.018101
"70","sub-004","Left_OFC","Limbic",-0.034297,0.039442
"71","sub-004","Right_MI","Limbic",0.017958,0.049165
"72","sub-004","Left_MFG","Prefrontal",-0.018325,0.049878
"73","sub-004","Pre_SMA","Prefrontal",-0.01175,0.037645
"74","sub-004","Left_IFG","Prefrontal",-0.041034,0.032434
"75","sub-004","Left_Amyg","Limbic",0.160029,0.053639
"76","sub-004","Right_IFG","Prefrontal",-0.109605,0.059815
"77","sub-004","Right_MFG","Prefrontal",-0.037183,0.046727
"78","sub-004","Right_IPS","Prefrontal",-0.099675,0.042266
"79","sub-004","Left_dMI","Limbic",0.012619,0.026296
"80","sub-004","Right_OFC","Limbic",-0.198752,0.027631
"81","sub-004","Left_VS","Limbic",-0.031511,0.007314
"82","sub-004","Left_vAI","Limbic",0.11087,0.094525
"83","sub-004","Right_Amyg","Limbic",0.017168,0.062212
"90","sub-008","Right_PCG","Prefrontal",0.175013,0.031854
"91","sub-008","Dorsal_ACC","Limbic",-0.008781,0.017298
"92","sub-008","Left_OFC","Limbic",0.010655,0.053151
"93","sub-008","Right_MI","Limbic",-0.005707,0.042229
"94","sub-008","Left_MFG","Prefrontal",0.030745,-0.016825
"95","sub-008","Pre_SMA","Prefrontal",0.078303,0.001426
"96","sub-008","Left_IFG","Prefrontal",0.273899,0.003385
"97","sub-008","Left_Amyg","Limbic",-0.23689,0.053989
"98","sub-008","Right_IFG","Prefrontal",0.362943,0.006432
"99","sub-008","Right_MFG","Prefrontal",-0.038755,0.020889
"100","sub-008","Right_IPS","Prefrontal",0.368309,0.010304
"101","sub-008","Left_dMI","Limbic",0.140395,0.050024
"102","sub-008","Right_OFC","Limbic",-0.04259,0.070029
"103","sub-008","Left_VS","Limbic",-0.032566,0.036929
"104","sub-008","Left_vAI","Limbic",-0.194432,0.057259
"105","sub-008","Right_Amyg","Limbic",0.037999,0.05494
"112","sub-005","Right_PCG","Prefrontal",0.057422,0.01431
"113","sub-005","Dorsal_ACC","Limbic",0.117465,-0.001256
"114","sub-005","Left_OFC","Limbic",0.130809,0.089465
"115","sub-005","Right_MI","Limbic",0.07111,0.045986
"116","sub-005","Left_MFG","Prefrontal",0.105343,0.037423
"117","sub-005","Pre_SMA","Prefrontal",0.165645,-0.03569
"118","sub-005","Left_IFG","Prefrontal",0.137449,-0.020654
"119","sub-005","Left_Amyg","Limbic",0.096813,0.075217
"120","sub-005","Right_IFG","Prefrontal",0.088675,0.007233
"121","sub-005","Right_MFG","Prefrontal",0.099272,0.028925
"122","sub-005","Right_IPS","Prefrontal",0.191486,-0.047584
"123","sub-005","Left_dMI","Limbic",0.055114,0.016651
"124","sub-005","Right_OFC","Limbic",0.194284,0.068792
"125","sub-005","Left_VS","Limbic",0.154483,0.086605
"126","sub-005","Left_vAI","Limbic",0.056398,0.058117
"127","sub-005","Right_Amyg","Limbic",0.232352,0.148962
"134","sub-006","Right_PCG","Prefrontal",0.121248,-0.033007
"135","sub-006","Dorsal_ACC","Limbic",0.097791,-0.042394
"136","sub-006","Left_OFC","Limbic",0.550671,0.168273
"137","sub-006","Right_MI","Limbic",0.069254,-0.040023
"138","sub-006","Left_MFG","Prefrontal",0.217205,-0.007398
"139","sub-006","Pre_SMA","Prefrontal",0.40954,-0.09365
"140","sub-006","Left_IFG","Prefrontal",0.197625,-0.057374
"141","sub-006","Left_Amyg","Limbic",0.184012,-0.026313
"142","sub-006","Right_IFG","Prefrontal",0.325513,-0.048085
"143","sub-006","Right_MFG","Prefrontal",0.09082,-0.031344
"144","sub-006","Right_IPS","Prefrontal",0.388466,0.009931
"145","sub-006","Left_dMI","Limbic",0.17777,-0.033161
"146","sub-006","Right_OFC","Limbic",0.441051,0.0128
"147","sub-006","Left_VS","Limbic",-0.030169,-0.004931
"148","sub-006","Left_vAI","Limbic",0.250451,0.005303
"149","sub-006","Right_Amyg","Limbic",0.056176,0.009143
"156","sub-009","Right_PCG","Prefrontal",-0.017673,-0.001486
"157","sub-009","Dorsal_ACC","Limbic",-0.03184,0.016921
"158","sub-009","Left_OFC","Limbic",0.344328,0.157209
"159","sub-009","Right_MI","Limbic",-0.040537,0.014004
"160","sub-009","Left_MFG","Prefrontal",0.03223,-0.004084
"161","sub-009","Pre_SMA","Prefrontal",0.323335,0.011006
"162","sub-009","Left_IFG","Prefrontal",0.561507,0.019434
"163","sub-009","Left_Amyg","Limbic",-0.001027,0.052964
"164","sub-009","Right_IFG","Prefrontal",0.33814,0.028311
"165","sub-009","Right_MFG","Prefrontal",0.071698,0.012952
"166","sub-009","Right_IPS","Prefrontal",0.343004,0.009826
"167","sub-009","Left_dMI","Limbic",0.026826,0.012449
"168","sub-009","Right_OFC","Limbic",-0.028077,0.066438
"169","sub-009","Left_VS","Limbic",-0.03729,0.014948
"170","sub-009","Left_vAI","Limbic",-0.160653,0.040873
"171","sub-009","Right_Amyg","Limbic",-0.095769,0.037577
"178","sub-011","Right_PCG","Prefrontal",0.022868,0.061226
"179","sub-011","Dorsal_ACC","Limbic",0.031314,0.045194
"180","sub-011","Left_OFC","Limbic",-0.166971,0.084117
"181","sub-011","Right_MI","Limbic",-0.049956,0.063387
"182","sub-011","Left_MFG","Prefrontal",0.071434,0.019013
"183","sub-011","Pre_SMA","Prefrontal",0.217553,-0.03779
"184","sub-011","Left_IFG","Prefrontal",0.146296,0.014038
"185","sub-011","Left_Amyg","Limbic",0.035543,0.040588
"186","sub-011","Right_IFG","Prefrontal",0.151478,0.038681
"187","sub-011","Right_MFG","Prefrontal",-0.061307,0.056653
"188","sub-011","Right_IPS","Prefrontal",0.2413,0.007232
"189","sub-011","Left_dMI","Limbic",0.004305,0.04001
"190","sub-011","Right_OFC","Limbic",0.048658,0.107701
"191","sub-011","Left_VS","Limbic",-0.090016,0.058641
"192","sub-011","Left_vAI","Limbic",-0.071827,0.051158
"193","sub-011","Right_Amyg","Limbic",-0.064528,0.114018
"200","sub-007","Right_PCG","Prefrontal",-0.252662,-0.003576
"201","sub-007","Dorsal_ACC","Limbic",-0.168706,-0.005747
"202","sub-007","Left_OFC","Limbic",-0.005668,0.079297
"203","sub-007","Right_MI","Limbic",-0.07563,-0.002769
"204","sub-007","Left_MFG","Prefrontal",-0.231487,-0.005374
"205","sub-007","Pre_SMA","Prefrontal",0.043098,0.027948
"206","sub-007","Left_IFG","Prefrontal",0.111632,0.016419
"207","sub-007","Left_Amyg","Limbic",0.109354,0.020299
"208","sub-007","Right_IFG","Prefrontal",-0.017213,-0.020223
"209","sub-007","Right_MFG","Prefrontal",-0.276607,-0.039868
"210","sub-007","Right_IPS","Prefrontal",0.139068,-0.017545
"211","sub-007","Left_dMI","Limbic",-0.127568,0.015187
"212","sub-007","Right_OFC","Limbic",0.146093,0.128504
"213","sub-007","Left_VS","Limbic",-0.080847,0.050942
"214","sub-007","Left_vAI","Limbic",-0.019057,-0.002027
"215","sub-007","Right_Amyg","Limbic",-0.245321,-0.025795
"222","sub-010","Right_PCG","Prefrontal",0.019041,0.022389
"223","sub-010","Dorsal_ACC","Limbic",-0.005223,0.045843
"224","sub-010","Left_OFC","Limbic",0.080239,0.079127
"225","sub-010","Right_MI","Limbic",0.009135,0.073703
"226","sub-010","Left_MFG","Prefrontal",0.010824,0.037542
"227","sub-010","Pre_SMA","Prefrontal",0.246648,-0.004248
"228","sub-010","Left_IFG","Prefrontal",0.142239,0.031521
"229","sub-010","Left_Amyg","Limbic",0.037568,0.052594
"230","sub-010","Right_IFG","Prefrontal",0.316102,0.038194
"231","sub-010","Right_MFG","Prefrontal",-0.025103,0.025094
"232","sub-010","Right_IPS","Prefrontal",0.365626,0.035777
"233","sub-010","Left_dMI","Limbic",0.036127,0.03672
"234","sub-010","Right_OFC","Limbic",0.195365,0.07904
"235","sub-010","Left_VS","Limbic",0.045937,-0.016457
"236","sub-010","Left_vAI","Limbic",0.09911,0.061108
"237","sub-010","Right_Amyg","Limbic",0.054215,0.009833
"244","sub-013","Right_PCG","Prefrontal",0.041626,0.00468
"245","sub-013","Dorsal_ACC","Limbic",-0.006663,0.009638
"246","sub-013","Left_OFC","Limbic",0.16539,0.000268
"247","sub-013","Right_MI","Limbic",0.069769,0.02773
"248","sub-013","Left_MFG","Prefrontal",0.05056,-0.021858
"249","sub-013","Pre_SMA","Prefrontal",0.363797,-0.080372
"250","sub-013","Left_IFG","Prefrontal",0.185316,-0.045583
"251","sub-013","Left_Amyg","Limbic",0.21814,-0.008101
"252","sub-013","Right_IFG","Prefrontal",0.147321,-0.031136
"253","sub-013","Right_MFG","Prefrontal",0.06105,-0.027467
"254","sub-013","Right_IPS","Prefrontal",0.537619,-0.050082
"255","sub-013","Left_dMI","Limbic",0.135111,0.025348
"256","sub-013","Right_OFC","Limbic",0.234218,-0.009627
"257","sub-013","Left_VS","Limbic",0.05649,-0.001421
"258","sub-013","Left_vAI","Limbic",0.007887,0.002156
"259","sub-013","Right_Amyg","Limbic",0.089345,0.001146
"266","sub-012","Right_PCG","Prefrontal",-0.071186,0.036071
"267","sub-012","Dorsal_ACC","Limbic",-0.084574,0.02259
"268","sub-012","Left_OFC","Limbic",0.388601,0.192549
"269","sub-012","Right_MI","Limbic",-0.098708,0.00116
"270","sub-012","Left_MFG","Prefrontal",-0.147652,0.013608
"271","sub-012","Pre_SMA","Prefrontal",-0.129173,0.051904
"272","sub-012","Left_IFG","Prefrontal",0.1194,0.044214
"273","sub-012","Left_Amyg","Limbic",-0.036514,-0.022253
"274","sub-012","Right_IFG","Prefrontal",0.090319,0.033695
"275","sub-012","Right_MFG","Prefrontal",-0.208404,0.000945
"276","sub-012","Right_IPS","Prefrontal",0.016804,0.01146
"277","sub-012","Left_dMI","Limbic",-0.086714,0.038504
"278","sub-012","Right_OFC","Limbic",0.517123,0.078844
"279","sub-012","Left_VS","Limbic",-0.227772,0.008465
"280","sub-012","Left_vAI","Limbic",-0.078744,-0.039749
"281","sub-012","Right_Amyg","Limbic",-0.1634,-0.037996
"288","sub-014","Right_PCG","Prefrontal",0.125852,-0.088448
"289","sub-014","Dorsal_ACC","Limbic",0.18375,-0.082009
"290","sub-014","Left_OFC","Limbic",0.55392,-0.00127
"291","sub-014","Right_MI","Limbic",0.194101,-0.100884
"292","sub-014","Left_MFG","Prefrontal",0.220232,-0.038335
"293","sub-014","Pre_SMA","Prefrontal",0.383165,-0.159789
"294","sub-014","Left_IFG","Prefrontal",0.114453,0.011397
"295","sub-014","Left_Amyg","Limbic",0.235992,-0.042754
"296","sub-014","Right_IFG","Prefrontal",0.183274,-0.105631
"297","sub-014","Right_MFG","Prefrontal",0.279158,-0.140584
"298","sub-014","Right_IPS","Prefrontal",0.165805,-0.013414
"299","sub-014","Left_dMI","Limbic",0.14361,-0.062729
"300","sub-014","Right_OFC","Limbic",0.304901,-0.066615
"301","sub-014","Left_VS","Limbic",0.164955,-0.209231
"302","sub-014","Left_vAI","Limbic",0.200799,-0.090061
"303","sub-014","Right_Amyg","Limbic",0.116083,-0.072232
"310","sub-015","Right_PCG","Prefrontal",0.131842,-0.032625
"311","sub-015","Dorsal_ACC","Limbic",0.025931,-0.018811
"312","sub-015","Left_OFC","Limbic",0.618993,0.245553
"313","sub-015","Right_MI","Limbic",-0.006297,-0.017547
"314","sub-015","Left_MFG","Prefrontal",0.292639,0.003965
"315","sub-015","Pre_SMA","Prefrontal",0.571778,-0.062792
"316","sub-015","Left_IFG","Prefrontal",0.683625,-0.007945
"317","sub-015","Left_Amyg","Limbic",0.378601,-0.190941
"318","sub-015","Right_IFG","Prefrontal",0.318689,-0.021468
"319","sub-015","Right_MFG","Prefrontal",0.148018,-0.022095
"320","sub-015","Right_IPS","Prefrontal",0.39872,-0.001657
"321","sub-015","Left_dMI","Limbic",0.083984,-0.01551
"322","sub-015","Right_OFC","Limbic",1.964083,0.268128
"323","sub-015","Left_VS","Limbic",0.170428,-0.069289
"324","sub-015","Left_vAI","Limbic",0.134812,-0.005573
"325","sub-015","Right_Amyg","Limbic",-0.044409,0.008273
"332","sub-016","Right_PCG","Prefrontal",0.033234,0.008685
"333","sub-016","Dorsal_ACC","Limbic",0.022255,0.011506
"334","sub-016","Left_OFC","Limbic",0.129505,0.111116
"335","sub-016","Right_MI","Limbic",-0.082553,0.022555
"336","sub-016","Left_MFG","Prefrontal",0.001222,0.018957
"337","sub-016","Pre_SMA","Prefrontal",0.280749,-0.021899
"338","sub-016","Left_IFG","Prefrontal",0.163298,-0.007747
"339","sub-016","Left_Amyg","Limbic",-0.163474,0.033198
"340","sub-016","Right_IFG","Prefrontal",0.189513,-0.019102
"341","sub-016","Right_MFG","Prefrontal",-0.013383,0.042291
"342","sub-016","Right_IPS","Prefrontal",0.459328,-0.00174
"343","sub-016","Left_dMI","Limbic",-0.066433,0.026074
"344","sub-016","Right_OFC","Limbic",0.036326,0.034227
"345","sub-016","Left_VS","Limbic",-0.076861,0.018827
"346","sub-016","Left_vAI","Limbic",-0.14855,0.039336
"347","sub-016","Right_Amyg","Limbic",0.007596,-0.022632
"354","sub-017","Right_PCG","Prefrontal",0.295446,-0.001624
"355","sub-017","Dorsal_ACC","Limbic",-0.04011,0.002878
"356","sub-017","Left_OFC","Limbic",0.204968,0.114169
"357","sub-017","Right_MI","Limbic",0.012126,0.004312
"358","sub-017","Left_MFG","Prefrontal",0.013688,-0.005263
"359","sub-017","Pre_SMA","Prefrontal",0.378707,-0.043539
"360","sub-017","Left_IFG","Prefrontal",0.281556,-0.032537
"361","sub-017","Left_Amyg","Limbic",0.023691,-0.003615
"362","sub-017","Right_IFG","Prefrontal",0.44011,-0.014794
"363","sub-017","Right_MFG","Prefrontal",0.170832,0.00279
"364","sub-017","Right_IPS","Prefrontal",0.5727,-0.01172
"365","sub-017","Left_dMI","Limbic",0.101534,0.011436
"366","sub-017","Right_OFC","Limbic",0.097419,0.003764
"367","sub-017","Left_VS","Limbic",-0.001142,0.010528
"368","sub-017","Left_vAI","Limbic",-0.02454,0.001563
"369","sub-017","Right_Amyg","Limbic",-0.100532,0.014492
"376","sub-018","Right_PCG","Prefrontal",0.135682,-0.006456
"377","sub-018","Dorsal_ACC","Limbic",0.06614,0.011219
"378","sub-018","Left_OFC","Limbic",0.737493,-0.184066
"379","sub-018","Right_MI","Limbic",0.072345,0.00616
"380","sub-018","Left_MFG","Prefrontal",0.165597,-0.035923
"381","sub-018","Pre_SMA","Prefrontal",0.342409,0.006778
"382","sub-018","Left_IFG","Prefrontal",0.325935,-0.013288
"383","sub-018","Left_Amyg","Limbic",0.109273,-0.029354
"384","sub-018","Right_IFG","Prefrontal",0.21496,0.001939
"385","sub-018","Right_MFG","Prefrontal",0.082359,-0.01506
"386","sub-018","Right_IPS","Prefrontal",0.285628,0.006481
"387","sub-018","Left_dMI","Limbic",0.037061,-0.010731
"388","sub-018","Right_OFC","Limbic",-0.007839,-0.010516
"389","sub-018","Left_VS","Limbic",0.060139,-0.009689
"390","sub-018","Left_vAI","Limbic",0.103477,-0.013793
"391","sub-018","Right_Amyg","Limbic",0.02852,0.003072
"398","sub-019","Right_PCG","Prefrontal",0.105174,-0.03076
"399","sub-019","Dorsal_ACC","Limbic",0.016535,0.009285
"400","sub-019","Left_OFC","Limbic",0.247642,0.033598
"401","sub-019","Right_MI","Limbic",-0.009858,0.007114
"402","sub-019","Left_MFG","Prefrontal",0.107746,-0.01901
"403","sub-019","Pre_SMA","Prefrontal",0.183069,-0.032601
"404","sub-019","Left_IFG","Prefrontal",-0.032045,-0.035162
"405","sub-019","Left_Amyg","Limbic",0.103888,0.010425
"406","sub-019","Right_IFG","Prefrontal",0.065463,-0.01097
"407","sub-019","Right_MFG","Prefrontal",-0.050104,0.009507
"408","sub-019","Right_IPS","Prefrontal",0.486451,-0.04812
"409","sub-019","Left_dMI","Limbic",0.007019,-0.011084
"410","sub-019","Right_OFC","Limbic",0.740862,0.118841
"411","sub-019","Left_VS","Limbic",-0.126635,-0.004741
"412","sub-019","Left_vAI","Limbic",-0.097365,0.028158
"413","sub-019","Right_Amyg","Limbic",0.013625,0.002313
"420","sub-020","Right_PCG","Prefrontal",0.118598,0.002037
"421","sub-020","Dorsal_ACC","Limbic",0.063024,0.011502
"422","sub-020","Left_OFC","Limbic",0.357428,0.227588
"423","sub-020","Right_MI","Limbic",0.032439,-0.004599
"424","sub-020","Left_MFG","Prefrontal",0.252744,-0.042842
"425","sub-020","Pre_SMA","Prefrontal",0.57045,-0.015777
"426","sub-020","Left_IFG","Prefrontal",0.144396,0.005432
"427","sub-020","Left_Amyg","Limbic",0.079475,0.056127
"428","sub-020","Right_IFG","Prefrontal",0.035659,0.020979
"429","sub-020","Right_MFG","Prefrontal",0.175745,-0.00184
"430","sub-020","Right_IPS","Prefrontal",0.340497,0.007391
"431","sub-020","Left_dMI","Limbic",0.052986,-0.026846
"432","sub-020","Right_OFC","Limbic",0.402297,0.004209
"433","sub-020","Left_VS","Limbic",0.028993,0.058932
"434","sub-020","Left_vAI","Limbic",0.011018,-0.061685
"435","sub-020","Right_Amyg","Limbic",0.125325,0.026061
"442","sub-022","Right_PCG","Prefrontal",0.103945,0.010599
"443","sub-022","Dorsal_ACC","Limbic",0.061411,0.006658
"444","sub-022","Left_OFC","Limbic",0.242672,0.016353
"445","sub-022","Right_MI","Limbic",0.111677,0.019197
"446","sub-022","Left_MFG","Prefrontal",0.162425,0.004587
"447","sub-022","Pre_SMA","Prefrontal",0.328583,-0.038232
"448","sub-022","Left_IFG","Prefrontal",0.338108,-0.016505
"449","sub-022","Left_Amyg","Limbic",0.040414,0.055353
"450","sub-022","Right_IFG","Prefrontal",0.282251,-0.011941
"451","sub-022","Right_MFG","Prefrontal",0.160863,-0.008743
"452","sub-022","Right_IPS","Prefrontal",0.248799,-0.014279
"453","sub-022","Left_dMI","Limbic",0.170766,0.006592
"454","sub-022","Right_OFC","Limbic",0.156645,-0.031909
"455","sub-022","Left_VS","Limbic",0.012879,-0.00166
"456","sub-022","Left_vAI","Limbic",0.019999,0.029357
"457","sub-022","Right_Amyg","Limbic",0.062383,0.055681
"464","sub-021","Right_PCG","Prefrontal",-0.009595,-0.055686
"465","sub-021","Dorsal_ACC","Limbic",-0.037513,-0.048751
"466","sub-021","Left_OFC","Limbic",0.248039,0.102002
"467","sub-021","Right_MI","Limbic",-0.085623,-0.064441
"468","sub-021","Left_MFG","Prefrontal",-0.00025,-0.0765
"469","sub-021","Pre_SMA","Prefrontal",0.106839,-0.059876
"470","sub-021","Left_IFG","Prefrontal",0.053481,-0.027281
"471","sub-021","Left_Amyg","Limbic",0.310971,0.053323
"472","sub-021","Right_IFG","Prefrontal",0.117481,-0.055628
"473","sub-021","Right_MFG","Prefrontal",-0.171404,-0.096917
"474","sub-021","Right_IPS","Prefrontal",0.242016,-0.036715
"475","sub-021","Left_dMI","Limbic",0.036574,-0.018382
"476","sub-021","Right_OFC","Limbic",0.023879,-0.144665
"477","sub-021","Left_VS","Limbic",-0.184698,-0.058542
"478","sub-021","Left_vAI","Limbic",0.070883,-0.016498
"479","sub-021","Right_Amyg","Limbic",0.096251,-0.030393
"486","sub-023","Right_PCG","Prefrontal",0.042371,0.020043
"487","sub-023","Dorsal_ACC","Limbic",-0.038799,0.012443
"488","sub-023","Left_OFC","Limbic",-0.025111,0.028943
"489","sub-023","Right_MI","Limbic",-0.060457,0.026557
"490","sub-023","Left_MFG","Prefrontal",0.014081,0.030783
"491","sub-023","Pre_SMA","Prefrontal",0.117304,-0.019402
"492","sub-023","Left_IFG","Prefrontal",0.183531,-0.004108
"493","sub-023","Left_Amyg","Limbic",-0.105514,0.077011
"494","sub-023","Right_IFG","Prefrontal",0.031486,-0.014584
"495","sub-023","Right_MFG","Prefrontal",-0.060162,0.00072
"496","sub-023","Right_IPS","Prefrontal",0.17249,0.055963
"497","sub-023","Left_dMI","Limbic",0.071966,0.025141
"498","sub-023","Right_OFC","Limbic",0.151019,0.019477
"499","sub-023","Left_VS","Limbic",-0.138227,0.017872
"500","sub-023","Left_vAI","Limbic",0.027734,0.039561
"501","sub-023","Right_Amyg","Limbic",0.091661,0.059873
"508","sub-024","Right_PCG","Prefrontal",0.127842,-0.011152
"509","sub-024","Dorsal_ACC","Limbic",0.023488,0.002978
"510","sub-024","Left_OFC","Limbic",-0.853006,-0.321783
"511","sub-024","Right_MI","Limbic",0.086223,-0.002714
"512","sub-024","Left_MFG","Prefrontal",0.026107,-0.003506
"513","sub-024","Pre_SMA","Prefrontal",0.259073,-0.028321
"514","sub-024","Left_IFG","Prefrontal",0.263653,-0.015367
"515","sub-024","Left_Amyg","Limbic",0.143108,0.0029
"516","sub-024","Right_IFG","Prefrontal",0.124348,-0.015454
"517","sub-024","Right_MFG","Prefrontal",0.063429,0.013543
"518","sub-024","Right_IPS","Prefrontal",0.28038,-0.020024
"519","sub-024","Left_dMI","Limbic",0.129347,-0.009286
"520","sub-024","Right_OFC","Limbic",0.310007,0.094393
"521","sub-024","Left_VS","Limbic",-0.029347,-0.003048
"522","sub-024","Left_vAI","Limbic",0.135934,0.004055
"523","sub-024","Right_Amyg","Limbic",0.274842,-0.05918
"530","sub-025","Right_PCG","Prefrontal",-0.124245,0.025838
"531","sub-025","Dorsal_ACC","Limbic",0.037479,0.008758
"532","sub-025","Left_OFC","Limbic",0.412941,0.054685
"533","sub-025","Right_MI","Limbic",-0.024536,0.021168
"534","sub-025","Left_MFG","Prefrontal",0.174755,0.02017
"535","sub-025","Pre_SMA","Prefrontal",0.612208,-0.019021
"536","sub-025","Left_IFG","Prefrontal",0.371771,0.004327
"537","sub-025","Left_Amyg","Limbic",-0.110111,0.013422
"538","sub-025","Right_IFG","Prefrontal",0.544117,0.00202
"539","sub-025","Right_MFG","Prefrontal",0.284563,-0.014722
"540","sub-025","Right_IPS","Prefrontal",0.808368,-0.021453
"541","sub-025","Left_dMI","Limbic",0.225949,0.023358
"542","sub-025","Right_OFC","Limbic",-0.43863,0.08891
"543","sub-025","Left_VS","Limbic",-0.00981,0.032355
"544","sub-025","Left_vAI","Limbic",-0.087722,0.028887
"545","sub-025","Right_Amyg","Limbic",0.031141,0.052668
"552","sub-027","Right_PCG","Prefrontal",0.058576,0.00744
"553","sub-027","Dorsal_ACC","Limbic",-0.043027,0.011513
"554","sub-027","Left_OFC","Limbic",0.291656,0.111522
"555","sub-027","Right_MI","Limbic",-0.087087,0.02585
"556","sub-027","Left_MFG","Prefrontal",0.053257,0.007686
"557","sub-027","Pre_SMA","Prefrontal",0.452547,-0.060479
"558","sub-027","Left_IFG","Prefrontal",0.168804,-0.014029
"559","sub-027","Left_Amyg","Limbic",-0.11669,0.018016
"560","sub-027","Right_IFG","Prefrontal",0.157406,-0.028576
"561","sub-027","Right_MFG","Prefrontal",-0.033498,-0.005171
"562","sub-027","Right_IPS","Prefrontal",0.34838,-0.038669
"563","sub-027","Left_dMI","Limbic",0.036933,0.021032
"564","sub-027","Right_OFC","Limbic",0.212516,-0.013476
"565","sub-027","Left_VS","Limbic",-0.032329,0.020044
"566","sub-027","Left_vAI","Limbic",-0.251268,0.064832
"567","sub-027","Right_Amyg","Limbic",-0.113982,0.014817
"574","sub-026","Right_PCG","Prefrontal",0.11685,-0.018554
"575","sub-026","Dorsal_ACC","Limbic",-0.008021,0.003565
"576","sub-026","Left_OFC","Limbic",0.06551,0.044937
"577","sub-026","Right_MI","Limbic",0.020105,0.010535
"578","sub-026","Left_MFG","Prefrontal",0.031796,0.00342
"579","sub-026","Pre_SMA","Prefrontal",0.166343,0.007235
"580","sub-026","Left_IFG","Prefrontal",0.149349,-0.003933
"581","sub-026","Left_Amyg","Limbic",0.091619,-0.002271
"582","sub-026","Right_IFG","Prefrontal",0.08397,0.004041
"583","sub-026","Right_MFG","Prefrontal",0.106792,0.004368
"584","sub-026","Right_IPS","Prefrontal",0.074351,0.008739
"585","sub-026","Left_dMI","Limbic",0.076292,0.014392
"586","sub-026","Right_OFC","Limbic",0.171802,-0.030819
"587","sub-026","Left_VS","Limbic",-0.085624,0.056938
"588","sub-026","Left_vAI","Limbic",0.094167,-0.022408
"589","sub-026","Right_Amyg","Limbic",0.132487,0.035838
"596","sub-028","Right_PCG","Prefrontal",-0.050794,0.052904
"597","sub-028","Dorsal_ACC","Limbic",-0.003619,0.032071
"598","sub-028","Left_OFC","Limbic",-0.035217,0.082792
"599","sub-028","Right_MI","Limbic",-0.069726,0.041219
"600","sub-028","Left_MFG","Prefrontal",-0.003473,0.032073
"601","sub-028","Pre_SMA","Prefrontal",0.022214,0.021937
"602","sub-028","Left_IFG","Prefrontal",0.094546,0.021057
"603","sub-028","Left_Amyg","Limbic",-0.013703,0.061223
"604","sub-028","Right_IFG","Prefrontal",0.079328,0.013247
"605","sub-028","Right_MFG","Prefrontal",0.058306,-0.008692
"606","sub-028","Right_IPS","Prefrontal",0.207799,-0.003668
"607","sub-028","Left_dMI","Limbic",0.079274,0.030536
"608","sub-028","Right_OFC","Limbic",-0.278398,0.014844
"609","sub-028","Left_VS","Limbic",-0.106479,-0.003143
"610","sub-028","Left_vAI","Limbic",0.050033,0.047126
"611","sub-028","Right_Amyg","Limbic",-0.053583,0.065604
"618","sub-031","Right_PCG","Prefrontal",0.156858,0.005671
"619","sub-031","Dorsal_ACC","Limbic",0.008906,0.004146
"620","sub-031","Left_OFC","Limbic",-0.088246,0.036102
"621","sub-031","Right_MI","Limbic",0.100586,-0.001269
"622","sub-031","Left_MFG","Prefrontal",0.087381,-0.009873
"623","sub-031","Pre_SMA","Prefrontal",0.07519,0.002495
"624","sub-031","Left_IFG","Prefrontal",0.16402,0.000233
"625","sub-031","Left_Amyg","Limbic",0.077045,0.008451
"626","sub-031","Right_IFG","Prefrontal",0.174115,0.003429
"627","sub-031","Right_MFG","Prefrontal",0.088771,0.002286
"628","sub-031","Right_IPS","Prefrontal",0.156134,-0.008148
"629","sub-031","Left_dMI","Limbic",0.109008,0.003228
"630","sub-031","Right_OFC","Limbic",0.061973,0.031956
"631","sub-031","Left_VS","Limbic",0.047824,0.019325
"632","sub-031","Left_vAI","Limbic",0.055178,-0.002419
"633","sub-031","Right_Amyg","Limbic",0.164117,0.040625
"640","sub-029","Right_PCG","Prefrontal",0.05258,-0.005861
"641","sub-029","Dorsal_ACC","Limbic",-0.060557,0.016453
"642","sub-029","Left_OFC","Limbic",0.043586,0.036803
"643","sub-029","Right_MI","Limbic",-0.0048,0.004654
"644","sub-029","Left_MFG","Prefrontal",0.164922,-0.023811
"645","sub-029","Pre_SMA","Prefrontal",0.167526,-0.016668
"646","sub-029","Left_IFG","Prefrontal",0.194992,-0.005579
"647","sub-029","Left_Amyg","Limbic",-0.023827,0.019535
"648","sub-029","Right_IFG","Prefrontal",0.189618,-0.020933
"649","sub-029","Right_MFG","Prefrontal",0.112145,-0.02116
"650","sub-029","Right_IPS","Prefrontal",0.420535,-0.021381
"651","sub-029","Left_dMI","Limbic",0.034869,-0.006255
"652","sub-029","Right_OFC","Limbic",0.005591,0.010757
"653","sub-029","Left_VS","Limbic",-0.075044,0.011805
"654","sub-029","Left_vAI","Limbic",-0.201763,0.037358
"655","sub-029","Right_Amyg","Limbic",-0.145872,0.038936
"662","sub-030","Right_PCG","Prefrontal",0.067078,-0.003521
"663","sub-030","Dorsal_ACC","Limbic",0.038429,0.015735
"664","sub-030","Left_OFC","Limbic",0.398366,0.046766
"665","sub-030","Right_MI","Limbic",-0.002722,0.010218
"666","sub-030","Left_MFG","Prefrontal",-0.009,0.025898
"667","sub-030","Pre_SMA","Prefrontal",0.05114,-0.013568
"668","sub-030","Left_IFG","Prefrontal",0.187136,0.016571
"669","sub-030","Left_Amyg","Limbic",0.052082,0.017932
"670","sub-030","Right_IFG","Prefrontal",0.123145,-0.01814
"671","sub-030","Right_MFG","Prefrontal",-0.180574,-0.011937
"672","sub-030","Right_IPS","Prefrontal",0.361319,-0.027205
"673","sub-030","Left_dMI","Limbic",0.063872,0.017979
"674","sub-030","Right_OFC","Limbic",0.066138,0.041793
"675","sub-030","Left_VS","Limbic",0.156587,0.019258
"676","sub-030","Left_vAI","Limbic",-0.065663,0.018039
"677","sub-030","Right_Amyg","Limbic",0.253565,-0.038963
"684","sub-032","Right_PCG","Prefrontal",0.139411,-0.010404
"685","sub-032","Dorsal_ACC","Limbic",-0.053245,-0.010923
"686","sub-032","Left_OFC","Limbic",0.21057,0.043468
"687","sub-032","Right_MI","Limbic",-0.020659,0.012429
"688","sub-032","Left_MFG","Prefrontal",0.058907,-0.019756
"689","sub-032","Pre_SMA","Prefrontal",0.336339,-0.031861
"690","sub-032","Left_IFG","Prefrontal",0.255934,-0.013467
"691","sub-032","Left_Amyg","Limbic",-0.03571,-0.005119
"692","sub-032","Right_IFG","Prefrontal",0.326005,-0.030268
"693","sub-032","Right_MFG","Prefrontal",0.020827,-0.007756
"694","sub-032","Right_IPS","Prefrontal",0.32794,-0.019476
"695","sub-032","Left_dMI","Limbic",3.9e-05,0.019903
"696","sub-032","Right_OFC","Limbic",0.01894,0.051776
"697","sub-032","Left_VS","Limbic",-0.170062,-0.003622
"698","sub-032","Left_vAI","Limbic",0.020469,0.017609
"699","sub-032","Right_Amyg","Limbic",-0.014718,0.039914
"706","sub-033","Right_PCG","Prefrontal",0.043624,0.030761
"707","sub-033","Dorsal_ACC","Limbic",-0.088636,0.008087
"708","sub-033","Left_OFC","Limbic",-0.125052,0.118114
"709","sub-033","Right_MI","Limbic",-0.030913,0.046848
"710","sub-033","Left_MFG","Prefrontal",0.231812,0.018865
"711","sub-033","Pre_SMA","Prefrontal",0.173566,0.016486
"712","sub-033","Left_IFG","Prefrontal",0.185948,0.009898
"713","sub-033","Left_Amyg","Limbic",-0.00798,0.048819
"714","sub-033","Right_IFG","Prefrontal",0.180619,0.010835
"715","sub-033","Right_MFG","Prefrontal",0.032353,0.019848
"716","sub-033","Right_IPS","Prefrontal",-0.035711,0.001837
"717","sub-033","Left_dMI","Limbic",0.038612,0.052231
"718","sub-033","Right_OFC","Limbic",0.100132,0.123211
"719","sub-033","Left_VS","Limbic",-0.100448,0.023484
"720","sub-033","Left_vAI","Limbic",-0.154308,0.097033
"721","sub-033","Right_Amyg","Limbic",0.14747,0.05816
"728","sub-034","Right_PCG","Prefrontal",0.077898,0.008365
"729","sub-034","Dorsal_ACC","Limbic",-0.014787,0.062711
"730","sub-034","Left_OFC","Limbic",0.294494,-0.009858
"731","sub-034","Right_MI","Limbic",-0.026242,0.014658
"732","sub-034","Left_MFG","Prefrontal",0.134553,0.004935
"733","sub-034","Pre_SMA","Prefrontal",0.234087,-0.017372
"734","sub-034","Left_IFG","Prefrontal",0.304788,-0.015006
"735","sub-034","Left_Amyg","Limbic",-0.033463,0.027205
"736","sub-034","Right_IFG","Prefrontal",0.485889,0.008029
"737","sub-034","Right_MFG","Prefrontal",0.074136,0.001861
"738","sub-034","Right_IPS","Prefrontal",0.231621,0.005189
"739","sub-034","Left_dMI","Limbic",0.071465,0.007129
"740","sub-034","Right_OFC","Limbic",0.368835,0.073689
"741","sub-034","Left_VS","Limbic",-0.080777,0.041596
"742","sub-034","Left_vAI","Limbic",-0.025815,0.016406
"743","sub-034","Right_Amyg","Limbic",-0.055359,0.012437
"750","sub-035","Right_PCG","Prefrontal",0.040329,0.000163
"751","sub-035","Dorsal_ACC","Limbic",0.029705,0.013634
"752","sub-035","Left_OFC","Limbic",0.296724,0.067687
"753","sub-035","Right_MI","Limbic",0.002437,0.002518
"754","sub-035","Left_MFG","Prefrontal",0.11551,-0.0064
"755","sub-035","Pre_SMA","Prefrontal",0.211526,-0.026103
"756","sub-035","Left_IFG","Prefrontal",0.3295,0.004156
"757","sub-035","Left_Amyg","Limbic",0.02962,0.017487
"758","sub-035","Right_IFG","Prefrontal",0.166591,-0.019906
"759","sub-035","Right_MFG","Prefrontal",-0.00745,-0.020682
"760","sub-035","Right_IPS","Prefrontal",0.080167,-0.016242
"761","sub-035","Left_dMI","Limbic",0.027465,0.002703
"762","sub-035","Right_OFC","Limbic",0.21043,-0.025227
"763","sub-035","Left_VS","Limbic",0.022624,0.011625
"764","sub-035","Left_vAI","Limbic",-0.094766,0.004941
"765","sub-035","Right_Amyg","Limbic",0.069471,0.014427
"772","sub-036","Right_PCG","Prefrontal",0.183698,0.010242
"773","sub-036","Dorsal_ACC","Limbic",-0.013377,0.015562
"774","sub-036","Left_OFC","Limbic",0.835801,0.110218
"775","sub-036","Right_MI","Limbic",-0.084354,0.020203
"776","sub-036","Left_MFG","Prefrontal",-0.054748,0.01822
"777","sub-036","Pre_SMA","Prefrontal",0.335657,-0.00828
"778","sub-036","Left_IFG","Prefrontal",0.299007,0.01599
"779","sub-036","Left_Amyg","Limbic",0.05848,0.059295
"780","sub-036","Right_IFG","Prefrontal",0.332375,-0.004413
"781","sub-036","Right_MFG","Prefrontal",0.250239,0.024961
"782","sub-036","Right_IPS","Prefrontal",0.312273,-0.015887
"783","sub-036","Left_dMI","Limbic",0.067483,0.012809
"784","sub-036","Right_OFC","Limbic",1.0905,0.260074
"785","sub-036","Left_VS","Limbic",-0.061006,0.018214
"786","sub-036","Left_vAI","Limbic",-0.012493,-0.00335
"787","sub-036","Right_Amyg","Limbic",0.149574,0.043522
"794","sub-038","Right_PCG","Prefrontal",0.142946,-0.02193
"795","sub-038","Dorsal_ACC","Limbic",-0.019148,-0.010536
"796","sub-038","Left_OFC","Limbic",0.003436,-0.009144
"797","sub-038","Right_MI","Limbic",-0.064441,-0.014756
"798","sub-038","Left_MFG","Prefrontal",0.0426,-0.006819
"799","sub-038","Pre_SMA","Prefrontal",0.413782,-0.046005
"800","sub-038","Left_IFG","Prefrontal",0.128553,-0.022753
"801","sub-038","Left_Amyg","Limbic",0.062811,-0.012023
"802","sub-038","Right_IFG","Prefrontal",0.124379,-0.001173
"803","sub-038","Right_MFG","Prefrontal",0.065013,-0.028355
"804","sub-038","Right_IPS","Prefrontal",0.299345,-0.012735
"805","sub-038","Left_dMI","Limbic",0.029667,-0.005087
"806","sub-038","Right_OFC","Limbic",-0.192975,0.060495
"807","sub-038","Left_VS","Limbic",-0.136673,-0.020638
"808","sub-038","Left_vAI","Limbic",-0.035213,-0.013775
"809","sub-038","Right_Amyg","Limbic",-0.005968,-0.000863
"816","sub-039","Right_PCG","Prefrontal",0.082025,0.012221
"817","sub-039","Dorsal_ACC","Limbic",-0.023241,0.004492
"818","sub-039","Left_OFC","Limbic",0.141922,0.062085
"819","sub-039","Right_MI","Limbic",0.034222,0.005681
"820","sub-039","Left_MFG","Prefrontal",0.083602,0.001377
"821","sub-039","Pre_SMA","Prefrontal",0.19932,-0.002766
"822","sub-039","Left_IFG","Prefrontal",0.315834,-0.004649
"823","sub-039","Left_Amyg","Limbic",-0.034786,0.031809
"824","sub-039","Right_IFG","Prefrontal",0.22571,-0.010454
"825","sub-039","Right_MFG","Prefrontal",0.007252,-0.001924
"826","sub-039","Right_IPS","Prefrontal",0.080524,-0.020843
"827","sub-039","Left_dMI","Limbic",0.145452,0.023272
"828","sub-039","Right_OFC","Limbic",0.054387,0.015899
"829","sub-039","Left_VS","Limbic",-0.036939,0.01377
"830","sub-039","Left_vAI","Limbic",-0.095921,0.033956
"831","sub-039","Right_Amyg","Limbic",0.038077,0.068736
"838","sub-040","Right_PCG","Prefrontal",0.053494,0.025085
"839","sub-040","Dorsal_ACC","Limbic",0.162724,0.006339
"840","sub-040","Left_OFC","Limbic",0.547756,0.094723
"841","sub-040","Right_MI","Limbic",0.026126,0.045447
"842","sub-040","Left_MFG","Prefrontal",0.298069,-0.066354
"843","sub-040","Pre_SMA","Prefrontal",0.693722,0.017004
"844","sub-040","Left_IFG","Prefrontal",0.479419,-0.034723
"845","sub-040","Left_Amyg","Limbic",0.261858,0.030771
"846","sub-040","Right_IFG","Prefrontal",0.381447,0.004435
"847","sub-040","Right_MFG","Prefrontal",0.216636,-0.016785
"848","sub-040","Right_IPS","Prefrontal",0.432171,0.002577
"849","sub-040","Left_dMI","Limbic",0.172232,0.073272
"850","sub-040","Right_OFC","Limbic",0.155259,-0.002432
"851","sub-040","Left_VS","Limbic",0.12315,0.056186
"852","sub-040","Left_vAI","Limbic",0.047386,0.047105
"853","sub-040","Right_Amyg","Limbic",0.154698,-0.000475
"860","sub-041","Right_PCG","Prefrontal",0.372093,-0.014026
"861","sub-041","Dorsal_ACC","Limbic",-0.022703,-0.006232
"862","sub-041","Left_OFC","Limbic",0.241508,-0.019984
"863","sub-041","Right_MI","Limbic",-0.0207,0.019263
"864","sub-041","Left_MFG","Prefrontal",0.223112,-0.028195
"865","sub-041","Pre_SMA","Prefrontal",0.447064,-0.021494
"866","sub-041","Left_IFG","Prefrontal",0.622369,-0.033295
"867","sub-041","Left_Amyg","Limbic",-0.0984,0.017233
"868","sub-041","Right_IFG","Prefrontal",0.496234,-0.01574
"869","sub-041","Right_MFG","Prefrontal",0.18973,-0.016528
"870","sub-041","Right_IPS","Prefrontal",0.633239,-0.04237
"871","sub-041","Left_dMI","Limbic",0.070861,0.015469
"872","sub-041","Right_OFC","Limbic",0.386237,-0.0073
"873","sub-041","Left_VS","Limbic",0.109161,0.008622
"874","sub-041","Left_vAI","Limbic",-0.20066,-0.005491
"875","sub-041","Right_Amyg","Limbic",-0.086635,-0.001211
"882","sub-043","Right_PCG","Prefrontal",0.010307,0.014917
"883","sub-043","Dorsal_ACC","Limbic",-0.070114,0.042584
"884","sub-043","Left_OFC","Limbic",-0.086211,0.035474
"885","sub-043","Right_MI","Limbic",-0.057131,0.017826
"886","sub-043","Left_MFG","Prefrontal",-0.024507,0.02382
"887","sub-043","Pre_SMA","Prefrontal",0.098329,0.019746
"888","sub-043","Left_IFG","Prefrontal",0.074853,0.000484
"889","sub-043","Left_Amyg","Limbic",-0.205702,0.076488
"890","sub-043","Right_IFG","Prefrontal",0.074353,0.031701
"891","sub-043","Right_MFG","Prefrontal",0.012792,-0.000452
"892","sub-043","Right_IPS","Prefrontal",0.120408,-0.002981
"893","sub-043","Left_dMI","Limbic",-0.044604,-0.001977
"894","sub-043","Right_OFC","Limbic",-0.179656,0.001895
"895","sub-043","Left_VS","Limbic",-0.052785,0.054296
"896","sub-043","Left_vAI","Limbic",-0.119378,0.01882
"897","sub-043","Right_Amyg","Limbic",-0.435443,0.110934
"904","sub-044","Right_PCG","Prefrontal",0.148806,-0.009003
"905","sub-044","Dorsal_ACC","Limbic",0.106,-0.025572
"906","sub-044","Left_OFC","Limbic",0.098266,0.004926
"907","sub-044","Right_MI","Limbic",0.078648,-0.007286
"908","sub-044","Left_MFG","Prefrontal",0.06061,-0.017966
"909","sub-044","Pre_SMA","Prefrontal",0.260009,-0.046572
"910","sub-044","Left_IFG","Prefrontal",0.119984,-0.030706
"911","sub-044","Left_Amyg","Limbic",0.176547,-0.066978
"912","sub-044","Right_IFG","Prefrontal",0.201146,-0.042164
"913","sub-044","Right_MFG","Prefrontal",0.136694,-0.043533
"914","sub-044","Right_IPS","Prefrontal",0.359725,-0.028014
"915","sub-044","Left_dMI","Limbic",0.101611,-0.007734
"916","sub-044","Right_OFC","Limbic",0.078414,-0.02678
"917","sub-044","Left_VS","Limbic",0.025317,-0.010826
"918","sub-044","Left_vAI","Limbic",0.057852,-0.029253
"919","sub-044","Right_Amyg","Limbic",0.158697,-0.032559
"926","sub-045","Right_PCG","Prefrontal",0.031711,0.012663
"927","sub-045","Dorsal_ACC","Limbic",0.008014,0.005605
"928","sub-045","Left_OFC","Limbic",0.067743,0.032565
"929","sub-045","Right_MI","Limbic",-0.015777,0.014361
"930","sub-045","Left_MFG","Prefrontal",-0.024306,-0.010949
"931","sub-045","Pre_SMA","Prefrontal",0.088204,-0.050548
"932","sub-045","Left_IFG","Prefrontal",-0.101143,-0.004792
"933","sub-045","Left_Amyg","Limbic",-0.14274,0.100245
"934","sub-045","Right_IFG","Prefrontal",0.073907,0.008853
"935","sub-045","Right_MFG","Prefrontal",0.05417,-0.011626
"936","sub-045","Right_IPS","Prefrontal",0.374843,0.019707
"937","sub-045","Left_dMI","Limbic",0.01233,0.026142
"938","sub-045","Right_OFC","Limbic",-0.068965,0.051975
"939","sub-045","Left_VS","Limbic",-0.115211,-0.003715
"940","sub-045","Left_vAI","Limbic",-0.077806,0.011225
"941","sub-045","Right_Amyg","Limbic",-0.130646,-0.048719
"948","sub-046","Right_PCG","Prefrontal",-0.050475,0.01375
"949","sub-046","Dorsal_ACC","Limbic",-0.064663,0.022145
"950","sub-046","Left_OFC","Limbic",0.022579,0.007826
"951","sub-046","Right_MI","Limbic",-0.043193,0.007895
"952","sub-046","Left_MFG","Prefrontal",-0.026224,-0.004089
"953","sub-046","Pre_SMA","Prefrontal",0.016172,0.009967
"954","sub-046","Left_IFG","Prefrontal",0.026119,0.016401
"955","sub-046","Left_Amyg","Limbic",0.025635,0.016449
"956","sub-046","Right_IFG","Prefrontal",0.073834,0.017252
"957","sub-046","Right_MFG","Prefrontal",0.051472,-0.001697
"958","sub-046","Right_IPS","Prefrontal",0.182682,0.018009
"959","sub-046","Left_dMI","Limbic",-0.024388,0.013997
"960","sub-046","Right_OFC","Limbic",0.04806,0.060109
"961","sub-046","Left_VS","Limbic",-0.008914,0.026455
"962","sub-046","Left_vAI","Limbic",-0.004015,-0.009179
"963","sub-046","Right_Amyg","Limbic",0.001706,0.012717
"970","sub-047","Right_PCG","Prefrontal",0.14747,0.003703
"971","sub-047","Dorsal_ACC","Limbic",-0.042195,0.017951
"972","sub-047","Left_OFC","Limbic",0.073225,0.007489
"973","sub-047","Right_MI","Limbic",0.03166,0.012533
"974","sub-047","Left_MFG","Prefrontal",0.127876,-0.024066
"975","sub-047","Pre_SMA","Prefrontal",0.235799,-0.059149
"976","sub-047","Left_IFG","Prefrontal",0.346291,-0.044402
"977","sub-047","Left_Amyg","Limbic",0.038716,-0.002159
"978","sub-047","Right_IFG","Prefrontal",0.19769,-0.011383
"979","sub-047","Right_MFG","Prefrontal",-0.067853,0.008209
"980","sub-047","Right_IPS","Prefrontal",0.616508,0.010542
"981","sub-047","Left_dMI","Limbic",0.030568,0.002911
"982","sub-047","Right_OFC","Limbic",-0.110367,-0.017681
"983","sub-047","Left_VS","Limbic",-0.011965,-0.002993
"984","sub-047","Left_vAI","Limbic",0.034712,0.052574
"985","sub-047","Right_Amyg","Limbic",0.006263,0.039169
"992","sub-048","Right_PCG","Prefrontal",0.071559,0.041417
"993","sub-048","Dorsal_ACC","Limbic",0.112897,0.010778
"994","sub-048","Left_OFC","Limbic",0.112035,0.041749
"995","sub-048","Right_MI","Limbic",0.03484,0.004141
"996","sub-048","Left_MFG","Prefrontal",0.386841,0.038155
"997","sub-048","Pre_SMA","Prefrontal",0.172832,-0.007827
"998","sub-048","Left_IFG","Prefrontal",0.351357,0.001694
"999","sub-048","Left_Amyg","Limbic",-0.11637,0.02879
"1000","sub-048","Right_IFG","Prefrontal",0.352756,0.010895
"1001","sub-048","Right_MFG","Prefrontal",0.246593,0.008173
"1002","sub-048","Right_IPS","Prefrontal",0.550281,0.060038
"1003","sub-048","Left_dMI","Limbic",0.120927,0.033185
"1004","sub-048","Right_OFC","Limbic",0.113696,0.040382
"1005","sub-048","Left_VS","Limbic",-0.026907,0.04092
"1006","sub-048","Left_vAI","Limbic",0.004542,-0.020644
"1007","sub-048","Right_Amyg","Limbic",-0.006325,0.042924
"1014","sub-050","Right_PCG","Prefrontal",0.014843,0.006699
"1015","sub-050","Dorsal_ACC","Limbic",-0.051451,-0.010516
"1016","sub-050","Left_OFC","Limbic",0.017178,0.007316
"1017","sub-050","Right_MI","Limbic",0.026742,0.007341
"1018","sub-050","Left_MFG","Prefrontal",-0.048811,-0.0032
"1019","sub-050","Pre_SMA","Prefrontal",0.046095,0.007234
"1020","sub-050","Left_IFG","Prefrontal",0.148884,-0.003233
"1021","sub-050","Left_Amyg","Limbic",-0.068754,0.015227
"1022","sub-050","Right_IFG","Prefrontal",0.113931,0.0171
"1023","sub-050","Right_MFG","Prefrontal",0.037832,0.008187
"1024","sub-050","Right_IPS","Prefrontal",0.083961,0.013545
"1025","sub-050","Left_dMI","Limbic",0.041852,0.023993
"1026","sub-050","Right_OFC","Limbic",-0.030569,0.034927
"1027","sub-050","Left_VS","Limbic",0.033369,0.050607
"1028","sub-050","Left_vAI","Limbic",0.027575,-0.052156
"1029","sub-050","Right_Amyg","Limbic",-0.007684,0.013686
"1036","sub-051","Right_PCG","Prefrontal",0.144907,-0.008284
"1037","sub-051","Dorsal_ACC","Limbic",0.06339,-0.001977
"1038","sub-051","Left_OFC","Limbic",0.152434,-0.015621
"1039","sub-051","Right_MI","Limbic",0.110514,0.002939
"1040","sub-051","Left_MFG","Prefrontal",0.200557,-0.002518
"1041","sub-051","Pre_SMA","Prefrontal",0.146305,-0.013905
"1042","sub-051","Left_IFG","Prefrontal",0.472996,-0.034201
"1043","sub-051","Left_Amyg","Limbic",0.140869,0.009499
"1044","sub-051","Right_IFG","Prefrontal",0.294158,-0.00763
"1045","sub-051","Right_MFG","Prefrontal",0.10287,-0.000905
"1046","sub-051","Right_IPS","Prefrontal",0.37491,0.011455
"1047","sub-051","Left_dMI","Limbic",0.217141,-0.014186
"1048","sub-051","Right_OFC","Limbic",0.40442,-0.007366
"1049","sub-051","Left_VS","Limbic",0.077638,0.011524
"1050","sub-051","Left_vAI","Limbic",0.124683,-0.006245
"1051","sub-051","Right_Amyg","Limbic",0.028279,0.020921
"1058","sub-052","Right_PCG","Prefrontal",0.075065,0.017492
"1059","sub-052","Dorsal_ACC","Limbic",0.038283,0.030481
"1060","sub-052","Left_OFC","Limbic",0.188131,0.078577
"1061","sub-052","Right_MI","Limbic",0.055781,0.001308
"1062","sub-052","Left_MFG","Prefrontal",-0.112308,0.082213
"1063","sub-052","Pre_SMA","Prefrontal",0.250659,0.030726
"1064","sub-052","Left_IFG","Prefrontal",0.017131,0.034045
"1065","sub-052","Left_Amyg","Limbic",0.090785,-0.017137
"1066","sub-052","Right_IFG","Prefrontal",0.353708,0.067923
"1067","sub-052","Right_MFG","Prefrontal",-0.030517,0.043908
"1068","sub-052","Right_IPS","Prefrontal",0.413257,0.07591
"1069","sub-052","Left_dMI","Limbic",0.069131,0.012477
"1070","sub-052","Right_OFC","Limbic",-0.044029,0.062394
"1071","sub-052","Left_VS","Limbic",0.031814,0.033088
"1072","sub-052","Left_vAI","Limbic",0.043116,0.000773
"1073","sub-052","Right_Amyg","Limbic",0.070915,0.038107
"1080","sub-053","Right_PCG","Prefrontal",0.030879,0.074726
"1081","sub-053","Dorsal_ACC","Limbic",0.018805,0.038931
"1082","sub-053","Left_OFC","Limbic",0.144859,0.083316
"1083","sub-053","Right_MI","Limbic",-0.000528,0.029498
"1084","sub-053","Left_MFG","Prefrontal",0.061865,0.058321
"1085","sub-053","Pre_SMA","Prefrontal",0.061025,0.103602
"1086","sub-053","Left_IFG","Prefrontal",0.008965,0.045407
"1087","sub-053","Left_Amyg","Limbic",0.059498,0.065204
"1088","sub-053","Right_IFG","Prefrontal",0.123358,0.047854
"1089","sub-053","Right_MFG","Prefrontal",0.149694,0.046699
"1090","sub-053","Right_IPS","Prefrontal",0.169171,0.069751
"1091","sub-053","Left_dMI","Limbic",0.086475,0.067782
"1092","sub-053","Right_OFC","Limbic",0.139419,0.11417
"1093","sub-053","Left_VS","Limbic",0.0384,0.047005
"1094","sub-053","Left_vAI","Limbic",0.01395,0.032593
"1095","sub-053","Right_Amyg","Limbic",0.214717,0.128395
"1102","sub-054","Right_PCG","Prefrontal",0.157571,-0.002556
"1103","sub-054","Dorsal_ACC","Limbic",0.00523,0.007229
"1104","sub-054","Left_OFC","Limbic",0.138347,0.029757
"1105","sub-054","Right_MI","Limbic",0.036896,0.010781
"1106","sub-054","Left_MFG","Prefrontal",0.113954,-0.021846
"1107","sub-054","Pre_SMA","Prefrontal",0.030855,0.022317
"1108","sub-054","Left_IFG","Prefrontal",0.298147,-0.040112
"1109","sub-054","Left_Amyg","Limbic",0.097322,-0.025562
"1110","sub-054","Right_IFG","Prefrontal",0.067745,0.003887
"1111","sub-054","Right_MFG","Prefrontal",0.139723,-0.02257
"1112","sub-054","Right_IPS","Prefrontal",0.282888,-0.003075
"1113","sub-054","Left_dMI","Limbic",0.097475,0.007214
"1114","sub-054","Right_OFC","Limbic",0.171095,-0.05165
"1115","sub-054","Left_VS","Limbic",0.062987,-0.020737
"1116","sub-054","Left_vAI","Limbic",0.020933,0.029801
"1117","sub-054","Right_Amyg","Limbic",0.189893,-0.018578
"1124","sub-055","Right_PCG","Prefrontal",-0.007638,0.012557
"1125","sub-055","Dorsal_ACC","Limbic",-0.049136,0.009183
"1126","sub-055","Left_OFC","Limbic",0.019432,0.053808
"1127","sub-055","Right_MI","Limbic",-0.031234,0.012372
"1128","sub-055","Left_MFG","Prefrontal",0.108941,0.043414
"1129","sub-055","Pre_SMA","Prefrontal",0.186395,-0.000885
"1130","sub-055","Left_IFG","Prefrontal",0.330373,0.034703
"1131","sub-055","Left_Amyg","Limbic",-0.099972,0.077903
"1132","sub-055","Right_IFG","Prefrontal",0.320259,0.032494
"1133","sub-055","Right_MFG","Prefrontal",0.136645,0.03516
"1134","sub-055","Right_IPS","Prefrontal",0.437986,0.032222
"1135","sub-055","Left_dMI","Limbic",0.038248,0.025805
"1136","sub-055","Right_OFC","Limbic",0.087428,0.085069
"1137","sub-055","Left_VS","Limbic",-0.083952,0.03235
"1138","sub-055","Left_vAI","Limbic",-0.094632,0.086005
"1139","sub-055","Right_Amyg","Limbic",0.009316,-0.021263
"1146","sub-056","Right_PCG","Prefrontal",-0.002847,0.029194
"1147","sub-056","Dorsal_ACC","Limbic",-0.051188,0.124497
"1148","sub-056","Left_OFC","Limbic",-0.06877,0.061747
"1149","sub-056","Right_MI","Limbic",-0.00649,0.028247
"1150","sub-056","Left_MFG","Prefrontal",0.123575,0.072248
"1151","sub-056","Pre_SMA","Prefrontal",0.110718,0.092308
"1152","sub-056","Left_IFG","Prefrontal",0.127947,0.033954
"1153","sub-056","Left_Amyg","Limbic",0.13362,0.075038
"1154","sub-056","Right_IFG","Prefrontal",0.045819,0.036805
"1155","sub-056","Right_MFG","Prefrontal",0.174471,0.071231
"1156","sub-056","Right_IPS","Prefrontal",0.399541,0.045041
"1157","sub-056","Left_dMI","Limbic",0.057888,0.016546
"1158","sub-056","Right_OFC","Limbic",-0.056526,0.083461
"1159","sub-056","Left_VS","Limbic",-0.018636,0.061845
"1160","sub-056","Left_vAI","Limbic",0.041379,0.059213
"1161","sub-056","Right_Amyg","Limbic",0.113742,0.052836
"1168","sub-057","Right_PCG","Prefrontal",0.046832,0.031413
"1169","sub-057","Dorsal_ACC","Limbic",-0.016548,0.023341
"1170","sub-057","Left_OFC","Limbic",-0.002274,0.064743
"1171","sub-057","Right_MI","Limbic",-0.031875,0.025614
"1172","sub-057","Left_MFG","Prefrontal",0.179422,0.030017
"1173","sub-057","Pre_SMA","Prefrontal",0.248508,0.015645
"1174","sub-057","Left_IFG","Prefrontal",0.113573,-0.01063
"1175","sub-057","Left_Amyg","Limbic",-0.105274,0.046484
"1176","sub-057","Right_IFG","Prefrontal",0.096956,-0.013018
"1177","sub-057","Right_MFG","Prefrontal",0.047035,-0.022894
"1178","sub-057","Right_IPS","Prefrontal",0.153697,0.010704
"1179","sub-057","Left_dMI","Limbic",-0.000837,0.025697
"1180","sub-057","Right_OFC","Limbic",-0.105301,0.052525
"1181","sub-057","Left_VS","Limbic",-0.028382,0.032812
"1182","sub-057","Left_vAI","Limbic",-0.095752,0.033653
"1183","sub-057","Right_Amyg","Limbic",-0.120164,0.13628
"1190","sub-058","Right_PCG","Prefrontal",-0.054745,0.03953
"1191","sub-058","Dorsal_ACC","Limbic",0.053955,0.011496
"1192","sub-058","Left_OFC","Limbic",0.089641,0.004018
"1193","sub-058","Right_MI","Limbic",0.014629,0.059109
"1194","sub-058","Left_MFG","Prefrontal",0.086356,-0.015541
"1195","sub-058","Pre_SMA","Prefrontal",0.075883,-0.053718
"1196","sub-058","Left_IFG","Prefrontal",-0.03522,-0.037068
"1197","sub-058","Left_Amyg","Limbic",-0.028329,0.043383
"1198","sub-058","Right_IFG","Prefrontal",0.083717,0.01819
"1199","sub-058","Right_MFG","Prefrontal",0.14515,0.009771
"1200","sub-058","Right_IPS","Prefrontal",0.469308,0.011285
"1201","sub-058","Left_dMI","Limbic",0.140063,0.032121
"1202","sub-058","Right_OFC","Limbic",0.139315,-0.054366
"1203","sub-058","Left_VS","Limbic",-0.0142,0.018299
"1204","sub-058","Left_vAI","Limbic",-0.022542,0.03855
"1205","sub-058","Right_Amyg","Limbic",0.127626,0.045863
"1212","sub-059","Right_PCG","Prefrontal",0.057214,-0.002365
"1213","sub-059","Dorsal_ACC","Limbic",0.053694,-0.02008
"1214","sub-059","Left_OFC","Limbic",0.308847,0.085848
"1215","sub-059","Right_MI","Limbic",0.080522,0.011954
"1216","sub-059","Left_MFG","Prefrontal",0.190748,-0.006375
"1217","sub-059","Pre_SMA","Prefrontal",0.140387,-0.047439
"1218","sub-059","Left_IFG","Prefrontal",0.161363,-0.002705
"1219","sub-059","Left_Amyg","Limbic",0.015931,0.021032
"1220","sub-059","Right_IFG","Prefrontal",0.337993,-0.023862
"1221","sub-059","Right_MFG","Prefrontal",0.051154,-0.002456
"1222","sub-059","Right_IPS","Prefrontal",0.270222,0.009939
"1223","sub-059","Left_dMI","Limbic",0.093141,-0.000259
"1224","sub-059","Right_OFC","Limbic",0.347563,-0.018789
"1225","sub-059","Left_VS","Limbic",0.019225,0.003307
"1226","sub-059","Left_vAI","Limbic",-0.02295,0.015388
"1227","sub-059","Right_Amyg","Limbic",0.024195,-0.006892
"1234","sub-060","Right_PCG","Prefrontal",0.108036,0.003045
"1235","sub-060","Dorsal_ACC","Limbic",-0.004336,0.005399
"1236","sub-060","Left_OFC","Limbic",-0.02996,0.00334
"1237","sub-060","Right_MI","Limbic",0.029332,0.021471
"1238","sub-060","Left_MFG","Prefrontal",0.079696,0.001599
"1239","sub-060","Pre_SMA","Prefrontal",0.276545,-0.023223
"1240","sub-060","Left_IFG","Prefrontal",0.064667,-0.02058
"1241","sub-060","Left_Amyg","Limbic",-0.236342,0.033164
"1242","sub-060","Right_IFG","Prefrontal",0.189706,0.005446
"1243","sub-060","Right_MFG","Prefrontal",0.116745,0.027118
"1244","sub-060","Right_IPS","Prefrontal",0.348449,0.019861
"1245","sub-060","Left_dMI","Limbic",0.129984,0.034654
"1246","sub-060","Right_OFC","Limbic",-0.08773,0.002777
"1247","sub-060","Left_VS","Limbic",-0.085755,0.000682
"1248","sub-060","Left_vAI","Limbic",-0.058154,0.05299
"1249","sub-060","Right_Amyg","Limbic",-0.06084,0.031229
"1256","sub-061","Right_PCG","Prefrontal",0.092327,0.013895
"1257","sub-061","Dorsal_ACC","Limbic",0.02428,-0.000867
"1258","sub-061","Left_OFC","Limbic",0.005979,0.059394
"1259","sub-061","Right_MI","Limbic",-0.006175,-0.009087
"1260","sub-061","Left_MFG","Prefrontal",-0.016526,0.000315
"1261","sub-061","Pre_SMA","Prefrontal",0.181125,0.000178
"1262","sub-061","Left_IFG","Prefrontal",0.04021,-0.008219
"1263","sub-061","Left_Amyg","Limbic",0.013973,-0.008906
"1264","sub-061","Right_IFG","Prefrontal",-0.046607,-0.021385
"1265","sub-061","Right_MFG","Prefrontal",-0.012917,-0.015853
"1266","sub-061","Right_IPS","Prefrontal",0.279963,-0.00855
"1267","sub-061","Left_dMI","Limbic",0.041104,-0.012164
"1268","sub-061","Right_OFC","Limbic",0.032857,-0.010206
"1269","sub-061","Left_VS","Limbic",-0.057969,0.019466
"1270","sub-061","Left_vAI","Limbic",-0.002135,-0.002459
"1271","sub-061","Right_Amyg","Limbic",-0.12148,-0.006051
"1278","sub-062","Right_PCG","Prefrontal",0.062369,-0.006366
"1279","sub-062","Dorsal_ACC","Limbic",0.0818,-0.00151
"1280","sub-062","Left_OFC","Limbic",-0.022609,0.064148
"1281","sub-062","Right_MI","Limbic",0.063598,0.002576
"1282","sub-062","Left_MFG","Prefrontal",0.042348,0.00825
"1283","sub-062","Pre_SMA","Prefrontal",0.226189,-0.006045
"1284","sub-062","Left_IFG","Prefrontal",0.173028,0.007782
"1285","sub-062","Left_Amyg","Limbic",0.110925,-0.012507
"1286","sub-062","Right_IFG","Prefrontal",0.107384,0.004389
"1287","sub-062","Right_MFG","Prefrontal",0.070422,0.000125
"1288","sub-062","Right_IPS","Prefrontal",0.259962,0.011919
"1289","sub-062","Left_dMI","Limbic",0.094234,0.013231
"1290","sub-062","Right_OFC","Limbic",-0.059255,0.044214
"1291","sub-062","Left_VS","Limbic",0.052785,-0.004894
"1292","sub-062","Left_vAI","Limbic",0.128641,0.029118
"1293","sub-062","Right_Amyg","Limbic",-0.027993,-0.006916
"1300","sub-063","Right_PCG","Prefrontal",0.012376,-0.005472
"1301","sub-063","Dorsal_ACC","Limbic",0.018517,-0.022379
"1302","sub-063","Left_OFC","Limbic",-0.009889,0.001021
"1303","sub-063","Right_MI","Limbic",0.033318,-0.011957
"1304","sub-063","Left_MFG","Prefrontal",0.018292,-0.033558
"1305","sub-063","Pre_SMA","Prefrontal",-0.021413,-0.043486
"1306","sub-063","Left_IFG","Prefrontal",-0.024697,-0.020256
"1307","sub-063","Left_Amyg","Limbic",-0.070513,-0.026612
"1308","sub-063","Right_IFG","Prefrontal",-0.064846,-0.045929
"1309","sub-063","Right_MFG","Prefrontal",-0.031864,-0.042002
"1310","sub-063","Right_IPS","Prefrontal",-0.036044,-0.025042
"1311","sub-063","Left_dMI","Limbic",-0.048266,-0.015829
"1312","sub-063","Right_OFC","Limbic",0.126821,0.026259
"1313","sub-063","Left_VS","Limbic",-0.048591,-0.026302
"1314","sub-063","Left_vAI","Limbic",0.050599,-0.020899
"1315","sub-063","Right_Amyg","Limbic",-0.126972,-0.012026
"1322","sub-064","Right_PCG","Prefrontal",0.020256,0.020251
"1323","sub-064","Dorsal_ACC","Limbic",-0.034905,0.010552
"1324","sub-064","Left_OFC","Limbic",0.015767,0.071474
"1325","sub-064","Right_MI","Limbic",0.020997,0.008576
"1326","sub-064","Left_MFG","Prefrontal",0.099745,-0.001745
"1327","sub-064","Pre_SMA","Prefrontal",0.36329,0.002573
"1328","sub-064","Left_IFG","Prefrontal",0.206806,0.00718
"1329","sub-064","Left_Amyg","Limbic",-0.016685,-0.010376
"1330","sub-064","Right_IFG","Prefrontal",0.195976,-0.002184
"1331","sub-064","Right_MFG","Prefrontal",0.08265,-0.011847
"1332","sub-064","Right_IPS","Prefrontal",0.15884,0.010245
"1333","sub-064","Left_dMI","Limbic",0.044204,0.015048
"1334","sub-064","Right_OFC","Limbic",0.244247,0.010273
"1335","sub-064","Left_VS","Limbic",-0.008956,0.014015
"1336","sub-064","Left_vAI","Limbic",0.022227,-0.007472
"1337","sub-064","Right_Amyg","Limbic",-0.046454,-0.01923
